name;version;position;price;is_sbc;body_type;weak_foot;skill_moves;playstyles;acceleration;sprint_speed;agility;balance;reactions;ball_control;dribbling;composure;positioning;finishing;shot_power;long_shots;volleys;curve;fk_accuracy;penalties;vision;crossing;short_passing;long_passing;heading_accuracy;defensive_awareness;standing_tackle;sliding_tackle;interceptions;aggression;jumping;stamina;strength
ST Demo 1;Esempio;ST;4000;1;Lean;3;5;;65;69;64;;64;65;;72;72;65;67;;;;;;;;;;;;;;;;;;
ST Demo 2;Esempio;ST;7000;0;Lean;4;2;Rapid+;72;66;72;;67;66;;69;74;67;66;;;;;;;;;;;;;;;;;;
ST Demo 3;Esempio;ST;12250;0;Average;3;3;"Rapid+;Finesse Shot+";77;70;70;;73;72;;77;71;75;71;;;;;;;;;;;;;;;;;;
ST Demo 4;Esempio;ST;21437;0;Lean;3;2;Technical+;78;79;78;;77;76;;76;74;71;78;;;;;;;;;;;;;;;;;;
ST Demo 5;Esempio;ST;37515;1;Lean;3;3;Rapid+;82;81;75;;79;75;;81;78;75;78;;;;;;;;;;;;;;;;;;
ST Demo 6;Esempio;ST;65652;0;Custom;4;3;"Rapid+;Finesse Shot+";83;77;82;;78;82;;85;84;79;82;;;;;;;;;;;;;;;;;;
ST Demo 7;Esempio;ST;114891;0;Custom;4;5;;86;80;83;;79;85;;83;83;80;86;;;;;;;;;;;;;;;;;;
ST Demo 8;Esempio;ST;201060;0;Custom;4;2;"Anticipate+;Jockey+";83;89;84;;82;85;;85;84;87;86;;;;;;;;;;;;;;;;;;
ST Demo 9;Esempio;ST;351855;1;Lean;4;5;;90;92;92;;88;88;;86;91;86;90;;;;;;;;;;;;;;;;;;
ST Demo 10;Esempio;ST;615747;0;Custom;4;4;"Anticipate+;Jockey+";88;89;87;;89;94;;90;89;90;90;;;;;;;;;;;;;;;;;;
RW Demo 1;Esempio;RW;4000;1;Custom;3;4;"Rapid+;Finesse Shot+";70;69;64;66;;66;72;;;;;;;;;;;69;72;;;;;;;;;;
RW Demo 2;Esempio;RW;7000;0;Custom;5;2;"Anticipate+;Jockey+";72;72;74;72;;73;72;;;;;;;;;;;67;72;;;;;;;;;;
RW Demo 3;Esempio;RW;12250;0;Average;3;2;Rapid+;70;69;76;71;;69;74;;;;;;;;;;;70;71;;;;;;;;;;
RW Demo 4;Esempio;RW;21437;0;Custom;3;4;Technical+;74;73;71;72;;76;77;;;;;;;;;;;75;76;;;;;;;;;;
RW Demo 5;Esempio;RW;37515;1;Lean;3;2;"Anticipate+;Jockey+";81;75;81;81;;75;78;;;;;;;;;;;76;79;;;;;;;;;;
RW Demo 6;Esempio;RW;65652;0;Custom;4;5;Rapid+;80;82;85;77;;85;85;;;;;;;;;;;79;77;;;;;;;;;;
RW Demo 7;Esempio;RW;114891;0;Custom;4;2;"Rapid+;Finesse Shot+";81;82;87;84;;87;84;;;;;;;;;;;87;87;;;;;;;;;;
RW Demo 8;Esempio;RW;201060;0;Lean;5;3;Technical+;88;85;85;85;;89;85;;;;;;;;;;;90;87;;;;;;;;;;
RW Demo 9;Esempio;RW;351855;1;Custom;3;2;"Rapid+;Finesse Shot+";87;91;91;88;;89;89;;;;;;;;;;;89;85;;;;;;;;;;
RW Demo 10;Esempio;RW;615747;0;Average;3;3;"Anticipate+;Jockey+";90;87;90;92;;92;94;;;;;;;;;;;94;88;;;;;;;;;;
CB Demo 1;Esempio;CB;4000;1;Custom;3;5;Rapid+;;71;;;69;;;;;;;;;;;;;;;;70;71;66;70;65;66;65;;70
CB Demo 2;Esempio;CB;7000;0;Average;3;2;Rapid+;;74;;;71;;;;;;;;;;;;;;;;68;73;68;73;68;66;66;;74
CB Demo 3;Esempio;CB;12250;0;Custom;5;2;Technical+;;72;;;72;;;;;;;;;;;;;;;;73;71;75;72;69;72;77;;73
CB Demo 4;Esempio;CB;21437;0;Custom;4;4;Technical+;;77;;;76;;;;;;;;;;;;;;;;79;77;73;71;78;79;73;;79
CB Demo 5;Esempio;CB;37515;1;Average;5;2;"Anticipate+;Jockey+";;75;;;76;;;;;;;;;;;;;;;;82;76;74;76;76;79;74;;81
CB Demo 6;Esempio;CB;65652;0;Custom;5;5;;;78;;;80;;;;;;;;;;;;;;;;85;85;77;80;81;85;84;;77
CB Demo 7;Esempio;CB;114891;0;Average;3;5;"Rapid+;Finesse Shot+";;87;;;83;;;;;;;;;;;;;;;;86;87;87;82;86;82;87;;87
CB Demo 8;Esempio;CB;201060;0;Custom;5;4;Technical+;;89;;;88;;;;;;;;;;;;;;;;87;85;89;84;83;85;83;;88
CB Demo 9;Esempio;CB;351855;1;Lean;3;3;"Rapid+;Finesse Shot+";;91;;;86;;;;;;;;;;;;;;;;87;85;86;89;88;90;85;;86
CB Demo 10;Esempio;CB;615747;0;Lean;3;3;Rapid+;;92;;;92;;;;;;;;;;;;;;;;92;93;95;93;93;92;88;;90
